product_name,variant_name,slug,sku,price,description,image_urls,category
UGO,UGO C1,ugo-c1,RT1021 C1,42.00,©rietieyewear | UGO C1 – Iconic oval square design with wearable versatility. Blue light blocking for daily use. TR-90 frame.,https://ecimg.cafe24img.com/pg1512b58569568085/ratigre2022/web/product/big/20250304/f51b2c3896bd544252a0a5a2f1219711.jpg,SHOP
OTTAVIO,OTTAVIO C2,ottavio-c2,RT1024 C2,42.00,©rietieyewear | OTTAVIO C2 combines elegant semi-cat eye design with blue light protection. Enjoy the comfort and style of modern eyewear.,https://ecimg.cafe24img.com/pg1512b58569568085/ratigre2022/web/product/big/20250311/f7013e4bebb55f026757ba30a904bbc3.jpg,SHOP
TITO,TITO C1,tito-c1,RT3039 C1,58.00,"©rietieyewear | Discover TITO C1: Unique, lightweight glasses with blue light blocking lenses and high-elasticity, durable frames.",https://ecimg.cafe24img.com/pg1512b58569568085/ratigre2022/web/product/big/20250402/7b074d65edde95eba3231d07dd9141ac.jpg,SHOP
ENRICO,ENRICO C1,enrico-c1,RT1017 C1,42.00,"©rietieyewear | ENRICO C1 combines classic design with comfort. Block harmful blue light with stylish glasses suited for any outfit. MD's pick, a popular item.",https://ecimg.cafe24img.com/pg1512b58569568085/ratigre2022/web/product/big/20251022/1fa2cc6157336f31982789f3bd48cf9c.jpg,SHOP
ANNA,ANNA C4,anna-c4,RT1023 C4,42.00,"©rietieyewear | ANNA C4 offering unique aesthetics. Blue light blocking lenses protect eyes, with an elegant minimal design. Lightweight for comfort.",https://ecimg.cafe24img.com/pg1512b58569568085/ratigre2022/web/product/big/20251231/5f5e6dffafe52bebc02f46e5a4cb6997.jpg,SHOP
BELLO,BELLO C1,bello-c1,RT3040 C1,56.25,"©rietieyewear | BELLO C1: Designed with modern temples, this eyewear features blue light blocking lenses and lightweight B-TITANIUM frame for comfort.",https://ecimg.cafe24img.com/pg1512b58569568085/ratigre2022/web/product/big/20250319/f792a4f5a22a2f13b8e72069ea862e46.jpg,SHOP
BELLO,BELLO C2,bello-c2,RT3040 C2,56.25,"©rietieyewear | BELLO C2 Modern B-TITANIUM frame with blue light blocking lenses, ensuring comfortable wear.",https://ecimg.cafe24img.com/pg1512b58569568085/ratigre2022/web/product/big/20250319/0d713ce06139243af2e169f635c2a528.jpg,SHOP
ALETTA,ALETTA C3,aletta-c3,RT3036 C3,58.00,©rietieyewear | ALETTA C3 combines ultra-light comfort with blue light protection in a stylish design. Perfectly matches classic and clear tones for versatile styling.,https://ecimg.cafe24img.com/pg1512b58569568085/ratigre2022/web/product/big/20250304/c9a2109e27229f932455675ba093606c.jpg,SHOP
ULBERTO,ULBERTO C2,ulberto-c2,RT1022 C2,42.00,"©rietieyewear | ULBERTO C2 - With a simple, basic design, this eyewear blends fashion and art, featuring blue light blocking lenses and sustainable materials.",https://ecimg.cafe24img.com/pg1512b58569568085/ratigre2022/web/product/big/20250319/afda9805f5ffbd6c2cfd78228916ab03.jpg,SHOP
DIO,DIO C2,dio-c2,RT1011 C2,42.00,©rietieyewear | DIO C2 - Minimal square eyewear with blue light protection. Available in multiple colors for a stylish touch. Lightweight and trendy.,https://ecimg.cafe24img.com/pg1512b58569568085/ratigre2022/web/product/big/20250304/e72a3e945afb8595259e5b32c29b152d.jpg,SHOP
DIO,DIO C3,dio-c3,RT1011 C3,42.00,©rietieyewear | DIO C3 Fashionable eyewear with blue light blocking lenses and TR-90 frame. Lightweight and practical MD's pick.,https://ecimg.cafe24img.com/pg1512b58569568085/ratigre2022/web/product/big/20250304/9244bd86d24dc946405e6ca4215dcf13.jpg,SHOP
DIO,DIO C4,dio-c4,RT1011 C4,42.00,©rietieyewear | DIO C4 eyewear blocks harmful blue light with a fashionable square design in bold colors. Lightweight and stylish.,https://ecimg.cafe24img.com/pg1512b58569568085/ratigre2022/web/product/big/20250304/7331e039515864b60c109c41a8107df4.jpg,SHOP
RENATO,RENATO C1,renato-c1,RT1019 C1,42.00,"©rietieyewear | MD's pick: Bold retro glasses that suit various profiles, block harmful blue light, and offer a sophisticated design. Lightweight TR-90 frame, PC lenses for comfort.",https://ecimg.cafe24img.com/pg1512b58569568085/ratigre2022/web/product/big/20250304/7b5627a33effbae346335a51e115e9d5.jpg,SHOP
ENNIO,ENNIO C1,ennio-c1,RT1016 C1,42.00,"©rietieyewear | ENNIO C1: Complete your look with unique temple lines and brow details. Blue light blocking lenses offer a smart, retro touch.",https://ecimg.cafe24img.com/pg1512b58569568085/ratigre2022/web/product/big/20250304/11fe5d77c546956ed5ae18fbc70808e6.jpg,SHOP
FIORE,FIORE C2,fiore-c2,RT1015 C2,42.00,©rietieyewear | FIORE C2 - Lightweight minimal silhouette eyewear that blocks harmful blue light. Available in skin-tone colors for versatile styling. Features a clean design and lightweight comfort.,https://ecimg.cafe24img.com/pg1512b58569568085/ratigre2022/web/product/big/20250304/e066b808be9bab02bab46067962ae9db.jpg,SHOP
FIORE,FIORE C3,fiore-c3,RT1015 C3,42.00,©rietieyewear | MD's pick: FIORE C3. Minimal eyewear with blue light blocking and TR-90 frame. Offers rich color options for all skin tones.,https://ecimg.cafe24img.com/pg1512b58569568085/ratigre2022/web/product/big/20250304/e0c0f612f4233ca527b028d7bd9a1829.jpg,SHOP
PAPETTI,PAPETTI C2,papetti-c2,RT4047 C2,42.00,©rietieyewear | PAPETTI C2 sunglasses with a minimal vintage flair. Experience elegance with UV400 protection and metallic frame details.,https://ecimg.cafe24img.com/pg1512b58569568085/ratigre2022/web/product/big/20250311/3a141023b83bbcee6d861e6d1be8c0b1.jpg,SHOP
ANNA,ANNA C3,anna-c3,RT1023 C3,42.00,"©rietieyewear | ANNA C3 - Experience minimalist classic eyewear with blue light blocking lenses, offering a comfortable and stylish fit.",https://ecimg.cafe24img.com/pg1512b58569568085/ratigre2022/web/product/big/20250319/b8396daf695042c27a8fd8718a8ce9d5.jpg,SHOP
ANNA,ANNA C1,anna-c1,RT1023 C1,42.00,©rietieyewear | ANNA C1 - Minimal temple design with blue light blocking. Offers lightweight wear and unique aesthetics.,https://ecimg.cafe24img.com/pg1512b58569568085/ratigre2022/web/product/big/20250311/8c02ae817dd3f72beee6357299eccee4.jpg,SHOP
ROSSI,ROSSI C4,rossi-c4,RT4044 C4,42.00,"©rietieyewear | ROSSI C4: Trendy sunglasses with smooth curves and classic cat-eye design, perfect for daily looks. Offers 99.9% UV protection.",https://ecimg.cafe24img.com/pg1512b58569568085/ratigre2022/web/product/big/20250311/f1e42148daedd4f82370d0e49cd4a161.jpg,SHOP
ROSSI,ROSSI C2,rossi-c2,RT4044 C2,42.00,©rietieyewear | ROSSI C2 - A stylish everyday item with soft curves and classic cat-eye design. Offers 99.9% UV protection and luxurious material.,https://ecimg.cafe24img.com/pg1512b58569568085/ratigre2022/web/product/big/20250312/0ac45eb9ff01bc5c3fbe4742cffdbd4e.jpg,SHOP
DOLCE,DOLCE C3,dolce-c3,RT4043 C3,58.00,"©rietieyewear | DOLCE C3 – MD's pick: Unique design with Korea fit for comfort, blocks 99.9% UV rays.",https://ecimg.cafe24img.com/pg1512b58569568085/ratigre2022/web/product/big/20250312/32b60505d19b671e2c7159d06891c6d3.jpg,SHOP
DOLCE,DOLCE C1,dolce-c1,RT4043 C1,58.00,"©rietieyewear | DOLCE C1 glasses offer dynamic design and Korea fit for Korean faces. Blocks 99.9% UV with UV400 lenses, featuring signature colorway and end-tip design.",https://ecimg.cafe24img.com/pg1512b58569568085/ratigre2022/web/product/big/20250312/520cbcb47a3da42cab682cd1f28d7149.jpg,SHOP
ERICA,ERICA C4,erica-c4,RT1018 C4,42.00,©rietieyewear | The compact oval ERICA C4 effectively blocks harmful blue light. Its thin frame and unique color add chic appeal.,https://ecimg.cafe24img.com/pg1512b58569568085/ratigre2022/web/product/big/20250304/960a07c46d1dae58a91c86923a93f07a.jpg,SHOP
DIO,DIO C1,dio-c1,RT1011 C1,42.00,"©rietieyewear | DIO C1 Anel-style minimalist square design, features diverse colors and blue light blocking lenses for style and function.",https://ecimg.cafe24img.com/pg1512b58569568085/ratigre2022/web/product/big/20250304/d3544866550e349a1f6f6d1f4186d459.jpg,SHOP
CARTELLA,CARTELLA C2,cartella-c2,RT4038 C2,42.00,"©rietieyewear | CARTELLA C2 features a chic cherry tint and elegant frame. UV400 lenses offer 99.9% UV protection. Lightweight, stylish design.",https://ecimg.cafe24img.com/pg1512b58569568085/ratigre2022/web/product/big/20250304/d5870af0916e33dcd468245ede587dad.jpg,SHOP
CARTELLA,CARTELLA C1,cartella-c1,RT4038 C1,42.00,"©rietieyewear | CARTELLA C1 offers UV400 protection, showcasing a sleek gray tone that reveals distinct nuances according to angle. Pre-order for mid-May delivery.",https://ecimg.cafe24img.com/pg1512b58569568085/ratigre2022/web/product/big/20250304/8d87f291af737042d1f1e71f6b7cdd0c.jpg,SHOP
FREDO,FREDO C1,fredo-c1,RT4036 C1,42.00,©rietieyewear | FREDO C1 sunglasses with UV400 lenses offer a trendy color palette and a diamond shape design for stylish comfort.,https://ecimg.cafe24img.com/pg1512b58569568085/ratigre2022/web/product/big/20250304/c146189aede816303ee4491b738daa86.jpg,SHOP
CARINA,CARINA C2,carina-c2,RT4031 C2,42.00,©rietieyewear | CARINA C2 sunglasses offer a compact oval design with modern chic. Experience ultimate protection with UV400 and anti-reflection features. MD's recommended item for a stylish look.,https://ecimg.cafe24img.com/pg1512b58569568085/ratigre2022/web/product/big/20250305/f580ec335ef25e0467779f5f0176f1c2.jpg,SHOP
DORIS,DORIS C1,doris-c1,RT4007 C1,58.00,©rietieyewear | DORIS C1 - Featuring a reinterpretation of minimalist aesthetics with a tiny square frame. Offers 99.9% UV protection and lightweight comfort for modern genderless style.,https://ecimg.cafe24img.com/pg1512b58569568085/ratigre2022/web/product/big/20250305/422587eaea307c29d19a62dff1675330.jpg,SHOP
EVA,EVA C3,eva-c3,RT2015 C3,42.00,©rietieyewear | EVA C3 Sunglasses in soft beige and blue blend classic with modern. UV400 protection and lightweight comfort.,https://ecimg.cafe24img.com/pg1512b58569568085/ratigre2022/web/product/big/20250305/03c1a79c281e8a65adde36c04470eaa2.jpg,SHOP
ALDO,ALDO C1,aldo-c1,RT2013 C1,42.00,"©rietieyewear | ALDO C1 Sunglasses with flat-bar design - UV400 blocking, young classic square shape. A trendy choice that always stands out.",https://ecimg.cafe24img.com/pg1512b58569568085/ratigre2022/web/product/big/20250305/f404b2ecf513461ecf483c399167ae13.jpg,SHOP
OTELLO,OTELLO C2,otello-c2,RT2011 C2,42.00,"©rietieyewear | Discover the unique OTELLO C2 sunglasses with a retro narrow oval design in soft cream, offering UV400 protection.",https://ecimg.cafe24img.com/pg1512b58569568085/ratigre2022/web/product/big/20250305/d2bb4dc51630eff1c5d05f192cbcbaa5.jpg,SHOP
OTELLO,OTELLO C1,otello-c1,RT2011 C1,42.00,"©rietieyewear | MD's Pick: OTELLO C1 features UV400 & anti-reflective lenses, unique design for a trendy geek chic vibe.",https://ecimg.cafe24img.com/pg1512b58569568085/ratigre2022/web/product/big/20250305/06a93d47dd31f6e893fba29fffea9f2d.jpg,SHOP
ANITA,ANITA C1,anita-c1,RT1025 C1,42.00,"Official Store | Discover ANITA C1 glasses featuring unique, lightweight, corrosion-resistant frames and blue light blocking lenses.",https://ecimg.cafe24img.com/pg1512b58569568085/ratigre2022/web/product/big/20250819/25f377041a0d747e7d7a73be8f72f257.jpg,SHOP
CANDELA,CANDELA C1,candela-c1,RT4035 C1,42.00,©rietieyewear | Cat Eye Line CANDELA C1. Stylish design with durable acetate. Offers 99.9% UV protection (UV400) and comfort.,https://ecimg.cafe24img.com/pg1512b58569568085/ratigre2022/web/product/big/20250304/36f254ba6eee94008fe186a4bb7ca00e.jpg,SHOP
CANDELA,CANDELA C2,candela-c2,RT4035 C2,42.00,"©rietieyewear | Discover CANDELA C2 sunglasses offering a unique blend of round and square shapes, 99.9% UV protection, and a soft cream color touch.",https://ecimg.cafe24img.com/pg1512b58569568085/ratigre2022/web/product/big/20250304/33dd56afb7984296b68d4abb709872bd.jpg,SHOP
VITO,VITO C2,vito-c2,RT1020 C2,42.00,©rietieyewear | VITO C2 Retro aviation shape glasses. Blue light blocking for eye protection. Lightweight and stylish for a new daily look.,https://ecimg.cafe24img.com/pg1512b58569568085/ratigre2022/web/product/big/20250304/7b29f7959c6c44ab9df0dab738c4de23.jpg,SHOP
VITO,VITO C1,vito-c1,RT1020 C1,42.00,©rietieyewear | VITO C1: MD's pick with retro aviation shape. Offers harmful blue light blocking lenses. Ideal for a new daily look.,https://ecimg.cafe24img.com/pg1512b58569568085/ratigre2022/web/product/big/20250304/d1687e2b4df7e77e0e12d4f1dda44694.jpg,SHOP
ALDO,ALDO C2,aldo-c2,RT2013 C2,42.00,©rietieyewear | ALDO C2 - Emphasize a young classic style with a soft square shape and ink-tinted lenses. Offers optimal eye protection with 99.9% UV blocking and anti-glare.,https://ecimg.cafe24img.com/pg1512b58569568085/ratigre2022/web/product/big/20250305/e5a0b761cb3ffeadbdb4104348ac3d75.jpg,SHOP
MANO,MANO C1,mano-c1,RT2014 C1,42.00,©rietieyewear | MANO C1 sunglasses featuring matte black polarized lenses. Blocks 99.9% UV and glare. Ultra-light TR-90 frame for comfort fit.,https://ecimg.cafe24img.com/pg1512b58569568085/ratigre2022/web/product/big/20250305/005a6cd92db738a500f9e789874116be.jpg,SHOP
MANO,MANO C2,mano-c2,RT2014 C2,42.00,©rietieyewear | MANO C2: Oversized square frame with simple black polarized lenses. Provides UV400 protection. Made from lightweight TR-90 and TC materials.,https://ecimg.cafe24img.com/pg1512b58569568085/ratigre2022/web/product/big/20250305/fccb4e9592df97cb70f7fe98f7b20018.jpg,SHOP
MANO,MANO C3,mano-c3,RT2014 C3,42.00,©rietieyewear | MANO C3 features an overfit square frame with clear grey polarized lenses that offer 99.9% UV protection and anti-reflection for ultimate comfort. Made from lightweight TR-90.,https://ecimg.cafe24img.com/pg1512b58569568085/ratigre2022/web/product/big/20250305/77fa9e6ee112e08c688535ab0141f088.jpg,SHOP
EVA,EVA C1,eva-c1,RT2015 C1,42.00,©rietieyewear | EVA C1 sunglasses blend modern style and classic elegance. Featuring elegant cutting details and UV400 protection.,https://ecimg.cafe24img.com/pg1512b58569568085/ratigre2022/web/product/big/20250305/86bc3e4e58be809791c43443d054c64f.jpg,SHOP
EVA,EVA C2,eva-c2,RT2015 C2,42.00,©rietieyewear | Sensational EVA C2 eyewear blends classic and modern styles. Offers 99.9% UV blocking lenses and lightweight frames for comfort.,https://ecimg.cafe24img.com/pg1512b58569568085/ratigre2022/web/product/big/20250305/380347f5682191f8c7917eef9e7c7cc5.jpg,SHOP
AIDA,AIDA C1,aida-c1,RT2016 C1,42.00,©rietieyewear | AIDA C1 combines a demure mood with a flat-bar bridge for both comfort and style. UV400 protection and anti-reflective lenses guard your eyes effortlessly.,https://ecimg.cafe24img.com/pg1512b58569568085/ratigre2022/web/product/big/20250305/1f21dd4ed6eacb4db1bc9a810480bd6b.jpg,SHOP
AIDA,AIDA C2,aida-c2,RT2016 C2,42.00,"©rietieyewear | Demure mood AIDA C2 sunglasses with Asian fit design, offering 99.9% UV protection. Lightweight feel and a range of color options complete your style.",https://ecimg.cafe24img.com/pg1512b58569568085/ratigre2022/web/product/big/20250305/a1aa97d20d1c66fdde351c202e8fcdf7.jpg,SHOP
AIDA,AIDA C3,aida-c3,RT2016 C3,42.00,©rietieyewear | AIDA C3: Asian fit sunglasses with UV400 protection and anti-glare. Light TR-90 frame for comfort.,https://ecimg.cafe24img.com/pg1512b58569568085/ratigre2022/web/product/big/20250305/210e8aaf574b97ecdc39882ed6ab0463.jpg,SHOP
ZOE,ZOE C1,zoe-c1,RT4006 C1,58.00,©rietieyewear | ZOE C1 sunglasses - MD's pick for retro aviator style with UV400 protection and oversized fit for stability.,https://ecimg.cafe24img.com/pg1512b58569568085/ratigre2022/web/product/big/20250305/1d8390bbfaafabed7517cba8acf2d615.jpg,SHOP
ZOE,ZOE C4,zoe-c4,RT4006 C4,58.00,©rietieyewear | ZOE C4: Retro aviator sunglasses blocking 99.9% UV rays. Oversized fit and tinted lenses add aesthetic value. MD's recommended item.,https://ecimg.cafe24img.com/pg1512b58569568085/ratigre2022/web/product/big/20250305/bc1a753c970540c58cb50e108e1e759e.jpg,SHOP
ZOE,ZOE C6,zoe-c6,RT4006 C6,35.00,"©rietieyewear | MD's pick: ZOE C6 aviator sunglasses, block 99.9% UV for eye protection. Retro mood with tinted lenses enhances aesthetic value.",https://ecimg.cafe24img.com/pg1512b58569568085/ratigre2022/web/product/big/20250305/fae5e84ea36591c309ffe50f7eb761bd.jpg,SHOP
DORIS,DORIS C3,doris-c3,RT4007 C3,58.00,©rietieyewear | DORIS C3 - A reinterpreted tiny square frame in the art of simplicity. Offers style and protection with clear color and 99.9% UV blocking.,https://ecimg.cafe24img.com/pg1512b58569568085/ratigre2022/web/product/big/20250305/d3857a3b2e1e26f13b91e7b8b6155889.jpg,SHOP
CARINA,CARINA C1,carina-c1,RT4031 C1,42.00,©rietieyewear | Compact oval CARINA C1 sunglasses with UV400 protection. Experience style and comfort with lightweight TR-90 frame.,https://ecimg.cafe24img.com/pg1512b58569568085/ratigre2022/web/product/big/20250305/ba5452fd9c542872bb82331566d4da07.jpg,SHOP
CARINA,CARINA C3,carina-c3,RT4031 C3,42.00,©rietieyewear | CARINA C3 sunglasses - Compact oval design with 99.9% UV blocking. Achieve a chic look with color variations and enjoy the lightweight TR-90 frame.,https://ecimg.cafe24img.com/pg1512b58569568085/ratigre2022/web/product/big/20250305/0b930e1986c91bd210db3028c763e86d.jpg,SHOP
ILLUSO,ILLUSO C1,illuso-c1,RT4032 C1,58.00,©rietieyewear | Elevate your style with ILLUSO C1 oversized combo frame and chic black mood. UV400 lenses block 99.9% of UV rays.,https://ecimg.cafe24img.com/pg1512b58569568085/ratigre2022/web/product/big/20250305/e43218d4dc2e99cabebababc712fd73e.jpg,SHOP
ILLUSO,ILLUSO C2,illuso-c2,RT4032 C2,58.00,"©rietieyewear | ILLUSO C2 MD's pick: Oversized combo frame in chic champagne gold, UV protection 99.9%. Offers a stylish silhouette.",https://ecimg.cafe24img.com/pg1512b58569568085/ratigre2022/web/product/big/20250305/1778778d1b1058ed5bb14d6451c92095.jpg,SHOP
ALI,ALI C1,ali-c1,RT4033 C1,42.00,©rietieyewear | ALI C1 - Classic shape with just the right fit creates an urban vibe. Offers 99.9% UV protection and comfortable TR-90 material.,https://ecimg.cafe24img.com/pg1512b58569568085/ratigre2022/web/product/big/20250304/481e8decf2ffc5bf76d2d23e1d26d30c.jpg,SHOP
ALI,ALI C2,ali-c2,RT4033 C2,42.00,©rietieyewear | MD's pick: ALI C2 sunglasses with classic shape and endpiece detail. 99.9% UV protection and glare reduction for safe wear.,https://ecimg.cafe24img.com/pg1512b58569568085/ratigre2022/web/product/big/20250304/8e41d40efa98bf40a6cef3e74a3d8c26.jpg,SHOP
FREDO,FREDO C2,fredo-c2,RT4036 C2,42.00,©rietieyewear | FREDO C2 - Sunglasses highlighting genderless aesthetics with diamond shape and sleek cutting. Offers 99.9% UV protection and various color options.,https://ecimg.cafe24img.com/pg1512b58569568085/ratigre2022/web/product/big/20250304/16795180c56344522ed3adf079c70e5c.jpg,SHOP
FREDO,FREDO C3,fredo-c3,RT4036 C3,42.00,©rietieyewear | FREDO C3 - UV400 sunglasses offering 99.9% UV protection. Stylish cut and trendy colors for a wide range of styles. Emphasizes genderless aesthetics.,https://ecimg.cafe24img.com/pg1512b58569568085/ratigre2022/web/product/big/20250304/006fe5eb4f93062dd89da5d1ccafd697.jpg,SHOP
CORTO,CORTO C1,corto-c1,RT4037 C1,58.00,"©rietieyewear | CORTO C1 MD's pick: Iconic spiral hinge and UV400 protection for a bold, feminine look. Explore now.",https://ecimg.cafe24img.com/pg1512b58569568085/ratigre2022/web/product/big/20250304/5d4ff28db71a88bb8941556a8d39214d.jpg,SHOP
Corto,Corto C2,corto-c2,RT4037 C2,58.00,©rietieyewear | Bold CORTO C2 Square Frame Sunglasses with Iconic Spiral Hinges and Tint Lenses. Achieve a vibrant feminine look. UV 99.9% protection.,https://ecimg.cafe24img.com/pg1512b58569568085/ratigre2022/web/product/big/20250304/d15ca699af9068bcbc8111cc6abf1491.jpg,SHOP
CORTO,CORTO C3,corto-c3,RT4037 C3,58.00,©rietieyewear | CORTO C3 sunglasses: Complete your feminine look with bold square frames. Spiral hinges and UV400 protection enhance any style.,https://ecimg.cafe24img.com/pg1512b58569568085/ratigre2022/web/product/big/20250304/4bbffb39a10416ed9f7662c43109f320.jpg,SHOP
CARTELLA,CARTELLA C3,cartella-c3,RT4038 C3,42.00,©rietieyewear | Discover the CARTELLA C3 sunglasses: sleek silhouette with warm-toned pattern. Blocks 99.9% UV rays. Made with ACETATE & NYLON for unmatched elegance.,https://ecimg.cafe24img.com/pg1512b58569568085/ratigre2022/web/product/big/20250304/c6119efdfdae95285fc4a81abe2aaf3d.jpg,SHOP
RUNA,RUNA C1,runa-c1,RT4040 C1,58.00,©rietieyewear | RUNA C1 - Experience harmonious Korean fit with intellectual volume. Offers 99.9% UV protection and ideal wear with TR-90 frame.,https://ecimg.cafe24img.com/pg1512b58569568085/ratigre2022/web/product/big/20250304/88bc2fe625a3477baed5e0e67259f4d7.jpg,SHOP
RUNA,RUNA C2,runa-c2,RT4040 C2,58.00,©rietieyewear | RUNA C2 - Korean fit sunglasses offering comfort with trendy volume. Ideal choice with UV400 protection lenses.,https://ecimg.cafe24img.com/pg1512b58569568085/ratigre2022/web/product/big/20250304/d63ec9163fedf4bef393f0af17c093f0.jpg,SHOP
RUNA,RUNA C3,runa-c3,RT4040 C3,58.00,©rietieyewear | RUNA C3 - Comfortable Korean fit with seasonless corduroy frame. Features practical UV 99.9% protection lenses.,https://ecimg.cafe24img.com/pg1512b58569568085/ratigre2022/web/product/big/20250304/0ffb327b6020aa103a4e5459f69094a1.jpg,SHOP
ELDA,ELDA C1,elda-c1,RT4041 C1,42.00,©rietieyewear | MD's pick ELDA C1. Oversized design for a luxe look. Offers safe wear with 99.9% UV protection.,https://ecimg.cafe24img.com/pg1512b58569568085/ratigre2022/web/product/big/20250304/8c8e8da3707fbee2ee1f14d9997aefc7.jpg,SHOP
ELDA,ELDA C2,elda-c2,RT4041 C2,42.00,"©rietieyewear | MD's Pick ELDA C2 - Oversized sunglasses with a clean silhouette and chic vibe. Blocks 99.9% UV (UV400), premium acetate material.",https://ecimg.cafe24img.com/pg1512b58569568085/ratigre2022/web/product/big/20250304/b629afa88608ce3e67f0b1f49a769f40.jpg,SHOP
FLAVIO,FLAVIO C1,flavio-c1,RT4042 C1,42.00,©rietieyewear | FLAVIO C1 MD’s pick: Trendy Y2K fashion sunglasses with smooth cylinder lenses. Provides UV and glare protection.,https://ecimg.cafe24img.com/pg1512b58569568085/ratigre2022/web/product/big/20250304/459cf750273a7d9f684bece4eb01dc73.jpg,SHOP
FLAVIO,FLAVIO C2,flavio-c2,RT4042 C2,42.00,"©rietieyewear | FLAVIO C2 sunglasses, a wearable Y2K fashion item. Features soft cylinder lenses, blocks 99.9% UV and glare. MD recommended.",https://ecimg.cafe24img.com/pg1512b58569568085/ratigre2022/web/product/big/20250304/f506f548b99fdce98fd276b0152a3238.jpg,SHOP
FLAVIO,FLAVIO C3,flavio-c3,RT4042 C3,42.00,©rietieyewear | FLAVIO C3 is a trendsetter item that embodies Y2K fashion. It features UV400 protection and anti-glare for eye health.,https://ecimg.cafe24img.com/pg1512b58569568085/ratigre2022/web/product/big/20250304/7677b5e5fde7575c2d2935e66ee7a1af.jpg,SHOP
FLAVIO,FLAVIO C4,flavio-c4,,42.00,©rietieyewear | FLAVIO C4 - Luxury sunglasses with UV and glare protection. Perfect for wearable fashion. MD's pick for a chic look.,https://ecimg.cafe24img.com/pg1512b58569568085/ratigre2022/web/product/big/20250304/36c28e2b7b8aa926aff1a92256b4d472.jpg,SHOP
BEATO,BEATO C1,beato-c1,RT6007 C1,58.00,"©rietieyewear | BEATO C1 - Featuring a round frame that enhances facial curves with UV400 protection. Lightweight, stainless steel design with an oversized shape for a sleek look.",https://ecimg.cafe24img.com/pg1512b58569568085/ratigre2022/web/product/big/20250304/06e4dc7a77b36a4d4b541d7ae495cfd1.jpg,SHOP
BEATO,BEATO C2,beato-c2,,58.00,©rietieyewear | BEATO C2 - Oversized round frame highlighting its volume and slim lines. Blocks 99.9% UV rays.,https://ecimg.cafe24img.com/pg1512b58569568085/ratigre2022/web/product/big/20250304/14729521ee755e912cf43a7fc65ea0ed.jpg,SHOP
GEMELLI,GEMELLI C1,gemelli-c1,RT6008 C1,58.00,"©rietieyewear | MD's Pick: Oversized GEMELLI C1 sunglasses with UV400 protection, trendy temple design, a fashion statement!",https://ecimg.cafe24img.com/pg1512b58569568085/ratigre2022/web/product/big/20250304/96da06e38af85c80b35c574f25b495d1.jpg,SHOP
GEMELLI,GEMELLI C2,gemelli-c2,RT6008 C2,58.00,©rietieyewear | GEMELLI C2 sunglasses - Trendy oversized style and 99.9% UV protection. Slim temple design for a sleek look.,https://ecimg.cafe24img.com/pg1512b58569568085/ratigre2022/web/product/big/20250304/aa132f958924f79558b6741e90dddb69.jpg,SHOP
KYMA,KYMA C1,kyma-c1,RT6014 C1,58.00,"©rietieyewear | Customizable KYMA C1 with unique colors. Achieve your style with high-bridge design and long lenses. Blocks 99.9% UV, offers lightweight comfort. MD's recommended item.",https://ecimg.cafe24img.com/pg1512b58569568085/ratigre2022/web/product/big/20250304/723a5894c42083a844ff0e7fbe752e7a.jpg,SHOP
KYMA,KYMA C2,kyma-c2,RT6014 C2,58.00,©rietieyewear | Discover KYMA C2 eyewear featuring unique color options and a stylish high-bridge design. Blocks 99.9% of UV rays.,https://ecimg.cafe24img.com/pg1512b58569568085/ratigre2022/web/product/big/20250304/c9cefbbcbc31c563d61b6722fb1de021.jpg,SHOP
KYMA,KYMA C3,kyma-c3,RT6014 C3,58.00,"©rietieyewear | KYMA C3 sunglasses adapt to various personal colors, offering UV400 protection. Enhance your style with unique designs.",https://ecimg.cafe24img.com/pg1512b58569568085/ratigre2022/web/product/big/20250304/d022d54c908a6361d8ed45d9760c4558.jpg,SHOP
TALUS,TALUS C1,talus-c1,RT6015 C1,58.00,©rietieyewear | TALUS C1 offers a unique semi-madam shape with a trendy style. Lightweight and durable frame ensures comfort. Blocks 99.9% UV and blue light.,https://ecimg.cafe24img.com/pg1512b58569568085/ratigre2022/web/product/big/20250304/b1cb20df8d705a521534c57aa50c08b2.jpg,SHOP
TALUS,TALUS C5,talus-c5,RT6015 C5,58.00,"©rietieyewear | TALUS C5 features a unique semi-madam shape with lightweight comfort. Protects eyes with UV400 & blue light blocking lenses. Stylish vintage color, comfortable fit.",https://ecimg.cafe24img.com/pg1512b58569568085/ratigre2022/web/product/big/20250304/d80c02626a295b705407ce9504e057b9.jpg,SHOP
MOND,MOND C1,mond-c1,RT6018 C1,58.00,©rietieyewear | Sporty charm of MOND C1. Stand out with the elegantly oversized frame and 99.9% UV protection. Complete your style with various color options.,https://ecimg.cafe24img.com/pg1512b58569568085/ratigre2022/web/product/big/20250304/37c604669b76a669ca85ffba3038b4bd.jpg,SHOP
MOND,MOND C2,mond-c2,RT6018 C2,58.00,"Complete your sporty, casual look with ©rietieyewear's MOND C2. Enhance your charm with oversized frames and color accents. Protect your eyes with UV400 lenses.",https://ecimg.cafe24img.com/pg1512b58569568085/ratigre2022/web/product/big/20250304/6287dfe37f9e67f7e1156581fffa9317.jpg,SHOP
TALLI,TALLI C1,talli-c1,RT6029 C1,58.00,©rietieyewear | TALLI C1 Glasses - Basic design for versatile styles with UV400 lenses blocking 99.9% UV rays. Lightweight and comfortable wear.,https://ecimg.cafe24img.com/pg1512b58569568085/ratigre2022/web/product/big/20250304/afb24e2c2a2dae189f1236c5a9c3141e.jpg,SHOP
TALLI,TALLI C2,talli-c2,RT6029 C2,58.00,"©rietieyewear | TALLI C2 offers a unique style with bold and slim harmony, featuring 99.9% UV protection to safeguard your eyes. Lightweight and comfortable, it's an MD-recommended bestseller suitable for various contours.",https://ecimg.cafe24img.com/pg1512b58569568085/ratigre2022/web/product/big/20250304/aa936e73503cd549acbf31a6d88f5667.jpg,SHOP
COLDER,COLDER C1,colder-c1,Colder C1,42.00,©rietieyewear | COLDER C1: Retro-styled eyewear featuring UV400 protection and an intelligent aura with a bold front design. Lightweight TR-90 frame.,https://ecimg.cafe24img.com/pg1512b58569568085/ratigre2022/web/product/big/20250304/d0a7ff748d57adcb090940d7a8934083.jpg,SHOP
COLDER,COLDER C2,colder-c2,Colder C2,42.00,©rietieyewear | COLDER C2 Sunglasses - Sleek aviator design with retro colors and UV400 protection. Perfect for a sophisticated look.,https://ecimg.cafe24img.com/pg1512b58569568085/ratigre2022/web/product/big/20250304/a0fb729b7568fc02541af092b1804967.jpg,SHOP
VOLTA,VOLTA C2,volta-c2,RT6039 C2,58.00,©rietieyewear | VOLTA C2 combines sports performance with lifestyle design. Features UV400 and blue light blocking for ultimate protection and style.,https://ecimg.cafe24img.com/pg1512b58569568085/ratigre2022/web/product/big/20250304/2cf6729d4b839f1a58437baf047f12c3.jpg,SHOP
VOLTA,VOLTA C4,volta-c4,RT6039 C4,58.00,"©rietieyewear | VOLTA C4 Hybrid Sunglasses blend sports performance with lifestyle design, blocking harmful angles and providing 99.9% UV400 and blue light protection. Achieve a trendy and functional style that spans everyday and athletic activities.",https://ecimg.cafe24img.com/pg1512b58569568085/ratigre2022/web/product/big/20250304/bce97c1f1b73aba7517821146d24e8ac.jpg,SHOP
VOLTA,VOLTA C5,volta-c5,RT6039 C5,58.00,©rietieyewear | MD's pick: VOLTA C5 combines sports performance and lifestyle. Blocks 99.9% UV and blue light for eye protection. Lightweight TR-90 materials.,https://ecimg.cafe24img.com/pg1512b58569568085/ratigre2022/web/product/big/20250304/9ac7d6c700e443715a274ab986513482.jpg,SHOP
CIAO,CIAO C1,ciao-c1,RT1010 C1,42.00,"©rietieyewear | CIAO C1 - Classic eyewear with blue light protection. Lightweight, comfortable fit for daily wear.",https://ecimg.cafe24img.com/pg1512b58569568085/ratigre2022/web/product/big/20250304/220802b16b9179b93e72cbed10011384.jpg,SHOP
SANTO,SANTO C1,santo-c1,RT1014 C1,42.00,©rietieyewear | SANTO C1 MD’s pick: Vintage diamond bold shape with TR-90 frame and blue light blocking lenses.,https://ecimg.cafe24img.com/pg1512b58569568085/ratigre2022/web/product/big/20250304/6067c60c247b0f07be3e2e447c769c13.jpg,SHOP
FIORE,FIORE C1,fiore-c1,RT1015 C1,42.00,"©rietieyewear | FIORE C1, a lightweight minimal silhouette with blue light blocking and TR-90 frame for comfort.",https://ecimg.cafe24img.com/pg1512b58569568085/ratigre2022/web/product/big/20250304/8a77a874a6eaf604c8ef05a4b61a49fa.jpg,SHOP
ENNIO,ENNIO C2,ennio-c2,RT1016 C2,42.00,©rietieyewear | ENNIO C2 - Unique hinge and stylish half-frame details for a retro-old-money look. Blue light blocking for eye protection.,https://ecimg.cafe24img.com/pg1512b58569568085/ratigre2022/web/product/big/20250304/c88df65c2f3a46dca2b8675f46d87464.jpg,SHOP
ERICA,ERICA C1,erica-c1,RT1018 C1,42.00,"©rietieyewear | ERICA C1 offers style and comfort with blue light protection and a sleek, compact frame.",https://ecimg.cafe24img.com/pg1512b58569568085/ratigre2022/web/product/big/20250304/d415d4e17f8e70ebfd1e9785062fb686.jpg,SHOP
ERICA,ERICA C2,erica-c2,RT1018 C2,42.00,©rietieyewear | Compact oval shape with unique color for a geek chic look. Blue light blocking lenses and lightweight TR-90 frame exude chic allure.,https://ecimg.cafe24img.com/pg1512b58569568085/ratigre2022/web/product/big/20250304/b03b616e387f278a68747c354be93eb0.jpg,SHOP
ERICA,ERICA C3,erica-c3,RT1018 C3,42.00,©rietieyewear | Compact oval-shaped ERICA C3 completes the geek-chic look with a thin frame and unique color. Block harmful blue light and enjoy both style and comfort with lightweight wear.,https://ecimg.cafe24img.com/pg1512b58569568085/ratigre2022/web/product/big/20250304/1e56325c2a2622711f89a8c27e0cd7c2.jpg,SHOP
RENATO,RENATO C2,renato-c2,RT1019 C2,42.00,"©rietieyewear | MD's pick: Bold retro line, RENATO C2 glasses with blue light protection. Stylish oversized design for various face shapes.",https://ecimg.cafe24img.com/pg1512b58569568085/ratigre2022/web/product/big/20250304/47cb0815afb33c633d2dc86479707883.jpg,SHOP
UGO,UGO C2,ugo-c2,RT1021 C2,42.00,©rietieyewear | UGO C2 - Minimalist eyewear blocking harmful blue light. Perfect for daily wear with a wearable design and various color options.,https://ecimg.cafe24img.com/pg1512b58569568085/ratigre2022/web/product/big/20250304/9b28c591c963b447b88dcf6e3e3dba74.jpg,SHOP
ALETTA,ALETTA C1,aletta-c1,RT3036 C1,58.00,©rietieyewear | ALETTA C1 ultra-light eyewear with blue light blocking lenses. A blend of classic colors with a clear tone for a luxurious pairing.,https://ecimg.cafe24img.com/pg1512b58569568085/ratigre2022/web/product/big/20250304/8166e3441bcf64f681e1ea6cd65ec592.jpg,SHOP
ALETTA,ALETTA C2,aletta-c2,RT3036 C2,58.00,©rietieyewear | ALETTA C2: Experience the ultralight frame with blue light blocking lenses. Classic colors meet luxury with a clear tone finish.,https://ecimg.cafe24img.com/pg1512b58569568085/ratigre2022/web/product/big/20250304/c9768f7bc617b9f7f7d86b2ac417dc83.jpg,SHOP
POOKY,POOKY C3,pooky-c3,RT5021 C3,35.00,"©rietieyewear | POOKY C3 glasses with blue light blocking, featuring a unique frame design and sleek fit. Made from lightweight TR-90 and stainless materials for durability.",https://ecimg.cafe24img.com/pg1512b58569568085/ratigre2022/web/product/big/20250228/fa3b6271236adbf1e6c2eaa2e5bea51a.jpg,SHOP
ULBERTO,ULBERTO C1,ulberto-c1,RT1022 C1,42.00,©rietieyewear | ULBERTO C1: Embrace minimalist fashion with sustainable materials and blue light blocking lenses.,https://ecimg.cafe24img.com/pg1512b58569568085/ratigre2022/web/product/big/20250311/239cca5310e16ecf4e98441108b45662.jpg,SHOP
ROMEO,ROMEO C1,romeo-c1,RT4048 C1,42.00,"©rietieyewear | ROMEO C1: Unique design, comfortable fit, and UV400 protection. Achieve a fashionable look with high-quality sunglasses.",https://ecimg.cafe24img.com/pg1512b58569568085/ratigre2022/web/product/big/20250312/1d7cc94dfe3b87848308347190709beb.jpg,SHOP
ROMEO,ROMEO C2,romeo-c2,RT4048 C2,42.00,©rietieyewear | Unique design method and excellent comfort in ROMEO C2. Complete your style with UV 99.9% blocking lenses and durable acetate frames.,https://ecimg.cafe24img.com/pg1512b58569568085/ratigre2022/web/product/big/20251222/4eeff4ab52bb01c8149d1c60b6d255fb.jpg,SHOP
ROMEO,ROMEO C3,romeo-c3,RT4048 C3,42.00,©rietieyewear | ROMEO C3 sunglasses with unique design and 99.9% UV protection. High-quality materials and exceptional fit for any style.,https://ecimg.cafe24img.com/pg1512b58569568085/ratigre2022/web/product/big/20250312/0ef505b6a42c32a54a194c4a03e0f185.jpg,SHOP
DOLCE,DOLCE C2,dolce-c2,RT4043 C2,58.00,©rietieyewear | DOLCE C2: Unique shape with Korea fit. Blocks 99.9% UV. Style meets comfort.,https://ecimg.cafe24img.com/pg1512b58569568085/ratigre2022/web/product/big/20250312/d1a6d3412a9f27397bbea29ab9cd1049.jpg,SHOP
ROSSI,ROSSI C1,rossi-c1,RT4044 C1,42.00,©rietieyewear | MD’s pick: Classic cat-eye sunglasses with a sleek curve. Blocks 99.9% UV rays. Crafted from luxurious materials for a stylish daily look!,https://ecimg.cafe24img.com/pg1512b58569568085/ratigre2022/web/product/big/20250312/28f4bc1fa99eaf0bc6d3da8bbef4a997.jpg,SHOP
ROSSI,ROSSI C3,rossi-c3,RT4044 C3,42.00,"©rietieyewear | MD recommended: ROSSI C3 with smooth curves and a classic cat-eye shape. Perfectly trendy and daily match, with UV400 protection.",https://ecimg.cafe24img.com/pg1512b58569568085/ratigre2022/web/product/big/20250319/7223418958beadfa11f6ea0a4cb86a83.jpg,SHOP
ANNA,ANNA C2,anna-c2,RT1023 C2,42.00,©rietieyewear | ANNA C2 - Classic glasses with minimal temples and unique design. Protects with blue light blocking lenses. Experience lightness and comfort with premium acetate frame.,https://ecimg.cafe24img.com/pg1512b58569568085/ratigre2022/web/product/big/20250319/537ef0c328346d43370fed5cea98f9da.jpg,SHOP
MARINO,MARINO C1,marino-c1,RT2017 C1,42.00,©rietieyewear | MARINO C1: Luxury eyewear with UV protection and an elegant design. Lightweight and stylish silhouette.,https://ecimg.cafe24img.com/pg1512b58569568085/ratigre2022/web/product/big/20250311/a267ec356f062be39eaaa970118dac7f.jpg,SHOP
MARINO,MARINO C2,marino-c2,RT2017 C2,42.00,"©rietieyewear | MARINO C2 – A luxurious eyewear with elegant temple design and UV400 protection lenses, offering perfect style and functionality.",https://ecimg.cafe24img.com/pg1512b58569568085/ratigre2022/web/product/big/20250319/5cb3889ab828934f314d04a2081a3868.jpg,SHOP
MARINO,MARINO C3,marino-c3,RT2017 C3,42.00,"©rietieyewear | MARINO C3 - Elegant eyewear with 99.9% UV protection and intricate temple design. Light and stylish, perfect for everyday wear.",https://ecimg.cafe24img.com/pg1512b58569568085/ratigre2022/web/product/big/20250311/6b849178f3685407ce067d622d4917ab.jpg,SHOP
BELLO,BELLO C3,bello-c3,RT3040 C3,56.25,"©rietieyewear | MD's Pick: BELLO C3 glasses offer lightweight comfort and blue light blocking for trendy, easy wear.",https://ecimg.cafe24img.com/pg1512b58569568085/ratigre2022/web/product/big/20250319/602326bdd073a1625ff6e3592f42a6f6.jpg,SHOP
BIANCA,BIANCA C1,bianca-c1,RT4045 C1,58.00,©rietieyewear | BIANCA C1 - A blend of modern color and semi-cat eye shape with UV400 lenses for stylish eye protection and comfort.,https://ecimg.cafe24img.com/pg1512b58569568085/ratigre2022/web/product/big/20250311/f0a86eb261c68f03d4eea4009ea7f37c.jpg,SHOP
BIANCA,BIANCA C2,bianca-c2,RT4045 C2,58.00,"©rietieyewear | BIANCA C2 Glasses, UV400 protection blends with modern design. Lightweight for comfortable wear.",https://ecimg.cafe24img.com/pg1512b58569568085/ratigre2022/web/product/big/20250312/323967f9638b245ced2cc8e2bf8978e8.jpg,SHOP
CARLO,CARLO C1,carlo-c1,RT4046 C1,58.00,©rietieyewear | MD's pick: CARLO C1 combines modern style with classic elegance. UV protection lens and metallic frame for standout style.,https://ecimg.cafe24img.com/pg1512b58569568085/ratigre2022/web/product/big/20250311/2f40068209ed492f47a4fb0c525c25f5.jpg,SHOP
CARLO,CARLO C2,carlo-c2,RT4046 C2,58.00,©rietieyewear | CARLO C2 - combines UV400 lenses blocking 99.9% of UV rays with a classic bridge. Perfect for modern to formal looks.,https://ecimg.cafe24img.com/pg1512b58569568085/ratigre2022/web/product/big/20250319/44b00fd909af9acd674f408c95aa0c1b.jpg,SHOP
PAPETTI,PAPETTI C1,papetti-c1,RT4047 C1,42.00,©rietieyewear | PAPETTI C1 sunglasses offer a practical and stylish vintage look. Metallic frames and gemstone-inspired temples provide unique aesthetics with UV400 protection.,https://ecimg.cafe24img.com/pg1512b58569568085/ratigre2022/web/product/big/20250311/08d63ec30c490577904c364a31daf16a.jpg,SHOP
PAPETTI,PAPETTI C3,papetti-c3,RT4047 C3,42.00,"©rietieyewear | PAPETTI C3 combines minimal vintage style with UV400 protection, featuring a metallic frame and gemstone-inspired temples.",https://ecimg.cafe24img.com/pg1512b58569568085/ratigre2022/web/product/big/20250311/74116273668996d0ff63011132ccd871.jpg,SHOP
TITO,TITO C2,tito-c2,RT3039 C2,58.00,"©rietieyewear | Unique TITO C2 glasses you want to try. Lightweight, high-strength frame completes iconic style. Includes blue light blocking lenses.",https://ecimg.cafe24img.com/pg1512b58569568085/ratigre2022/web/product/big/20250311/471ba755b21f49b6b9101983cfa99331.jpg,SHOP
OTTAVIO,OTTAVIO C1,ottavio-c1,RT1024 C1,42.00,©rietieyewear | OTTAVIO C1 MD’s pick: Elegant semi cat-eye shape with modern materials. Features blue light-blocking lenses for style and protection.,https://ecimg.cafe24img.com/pg1512b58569568085/ratigre2022/web/product/big/20251231/b53b84e42599dcaa603bd0b819ed77c4.jpg,SHOP
EDDY col.01,EDDY col.01,eddy-col01,P0000CUY000B,42.00,©rietieyewear | MD's pick: EDDY col.01 with classic keyhole bridge and modern gemstone accents. Offers multiple sizes and harmful blue light blocking.,https://ecimg.cafe24img.com/pg1512b58569568085/ratigre2022/web/product/big/20250421/377861057c12663c756c7536de48c5b5.jpg,SHOP
GINO col.02,GINO col.02,gino-col02,P0000CVD000B,56.25,"©rietieyewear | MD's pick: GINO col.02 features an ultralight titanium frame for a sporty look, with lenses that block harmful blue light, available in various sizes.",https://ecimg.cafe24img.com/pg1512b58569568085/ratigre2022/web/product/big/20250401/015b201708cdf4fcd6ea0c930c61a9cb.jpg,SHOP
GINO col.03,GINO col.03,gino-col03,P0000CVE000B,56.25,©rietieyewear | GINO col.03 sport-inspired lightweight titanium eyewear with blue light blocking lenses for comfort and style.,https://ecimg.cafe24img.com/pg1512b58569568085/ratigre2022/web/product/big/20250401/44ca3822880c32e4934f1fd074035a6f.jpg,SHOP
ANITA,ANITA C3,anita-c3,RT1025 C3,42.00,"Official Store | ANITA C3 - Experience unique eyewear featuring lightweight, high-strength TR-90/Acetate frames and harmful blue light blocking lenses.",https://ecimg.cafe24img.com/pg1512b58569568085/ratigre2022/web/product/big/20250819/11a994eaaea410cfaa1d163284abe018.jpg,SHOP
SHOPPER BAG (Limited) GREEN M,SHOPPER BAG (Limited) GREEN M,shopper-bag-limited-green-m,,7.00,"SHOPPER BAG (Limited) GREEN M, ©rietieyewear, 쇼핑백,리유저블백,가방,사은품, SHOP, , Sustainable. Simple. Iconic. Rieti&#39;s reusable bag, a companion for everyday life, features a green stripe pattern and bold logo graphics for an urban flair and wit. Made of lightweight yet durable, water-resistant material, it&#39;s perfect for shopping, daily tote bags, picnics, and travel.",https://ecimg.cafe24img.com/pg1512b58569568085/ratigre2022/web/product/big/20251029/bbab8dcfa081281d5ab8d5be789bd619.jpg,SHOP
SHOPPER BAG (Limited) GREEN S,SHOPPER BAG (Limited) GREEN S,shopper-bag-limited-green-s,,5.00,"SHOPPER BAG (Limited) GREEN S, ©rietieyewear, 쇼핑백,리유저블백,가방,사은품, SHOP, , Sustainable. Simple. Iconic. Rieti&#39;s reusable bag, a companion for everyday life, features a green stripe pattern and bold logo graphics for an urban flair and wit. Made of lightweight yet durable, water-resistant material, it&#39;s perfect for shopping, daily tote bags, picnics, and travel.",https://ecimg.cafe24img.com/pg1512b58569568085/ratigre2022/web/product/big/20251208/3b6df78d017a0589763d58091142376a.jpg,SHOP
GIFT BAG (GREEN),GIFT BAG (GREEN),gift-bag-green,,3.00,"GIFT BAG (GREEN), ©rietieyewear, 쇼핑백,리유저블백,가방,사은품, SHOP, , The Signature Green—Bold, Minimal, and Timeless. Rieti's signature green color reinterpreted with a sensibility. With its sophisticated color and minimalist structure, it leaves a pleasant impression the moment you receive it.",https://ecimg.cafe24img.com/pg1512b58569568085/ratigre2022/web/product/big/20251208/c76b17c7d0651a1c04bd683831065695.jpg,SHOP
GIFT BAG (WHITE) S,GIFT BAG (WHITE) S,gift-bag-white-s,,3.00,"GIFT BAG (WHITE) S, ©rietieyewear, 쇼핑백,리유저블백,가방,사은품, SHOP, , A Package That Completes the Experience. This shopping bag, crafted with Rieti's minimalist aesthetic, boasts a luxurious thickness, textured paper, and a refined silhouette with a logo, creating a perfect finishing touch for a gift.",https://ecimg.cafe24img.com/pg1512b58569568085/ratigre2022/web/product/big/20251029/ddcd9464c7370e1466e304ab6fa02aa1.jpg,SHOP
CAROA,CAROA C3,caroa-c3,P0000DAF000A,58.00,"CAROA C3, ©rietieyewear, 아이웨어,자외선차단,자외선차단선글라스,UV400,선글라스,여자선글라스,남자선글라스,패션선글라스,여행선글라스,리에티,리에티선글라스,선글라스추천,틴트선글라스, SHOP, , / LENS TECHNOLOGY Blocks 99.9% of UV rays / MATERIAL Frame: STAINLESS Lens: PC / SIZE INFO Weight: 19g (including lens) Frame front: 134mm, Lens width: 55mm, Lens height: 33mm, Bridge: 28mm, Temple length: 141mm",https://ecimg.cafe24img.com/pg1512b58569568085/ratigre2022/web/product/big/20260223/037733909c63aa64a98c1e58f65aee22.jpg,SHOP
TOMMY,TOMMY C1,tommy-c1,P0000DAK000A,58.00,"TOMMY C1, ©rietieyewear, 아이웨어,블루라이트,블루라이트차단,안경,안경테,여자안경,남자안경,패션안경,안경추천,리에티,리에티안경, SHOP, , / LENS TECHNOLOGY Blocks 99.9% of harmful blue light / MATERIAL Frame: TR-90 / Acetate Lens: PC / SIZE INFO Weight: 24g (excluding lenses) Frame front: 142mm, Lens width: 50mm, Lens height: 41mm, Bridge: 24mm, Temple length: 146mm",https://ecimg.cafe24img.com/pg1512b58569568085/ratigre2022/web/product/big/20260223/7379a23aaacbfb31f49cf2e90a7b0a87.jpg,SHOP
TOMMY,TOMMY C2,tommy-c2,P0000DAL000A,58.00,"TOMMY C2, ©rietieyewear, 아이웨어,블루라이트,블루라이트차단,안경,안경테,여자안경,남자안경,패션안경,안경추천,리에티,리에티안경, SHOP, , / LENS TECHNOLOGY Blocks 99.9% of harmful blue light / MATERIAL Frame: TR-90 / Acetate Lens: PC / SIZE INFO Weight: 24g (excluding lenses) Frame front: 142mm, Lens width: 50mm, Lens height: 41mm, Bridge: 24mm, Temple length: 146mm",https://ecimg.cafe24img.com/pg1512b58569568085/ratigre2022/web/product/big/20260223/049cdb68e1d69f47881e26f9cba1327c.jpg,SHOP
TOMMY,TOMMY C3,tommy-c3,P0000DAM000A,58.00,"TOMMY C3, ©rietieyewear, 아이웨어,블루라이트,블루라이트차단,안경,안경테,여자안경,남자안경,패션안경,안경추천,리에티,리에티안경, SHOP, , / LENS TECHNOLOGY Blocks 99.9% of UV rays / MATERIAL Frame: TR-90 / Acetate Lens: PC / SIZE INFO Weight: 14g (excluding lenses) Frame front: 142mm, Lens width: 50mm, Lens height: 41mm, Bridge: 24mm, Temple length: 146mm",https://ecimg.cafe24img.com/pg1512b58569568085/ratigre2022/web/product/big/20260223/aaee0c497a459905ec38493adcbefdf2.jpg,SHOP
RIVO,RIVO C2,rivo-c2,P0000DAO000A,42.00,"RIVO C2, ©rietieyewear, 아이웨어,자외선차단,자외선차단선글라스,UV400,선글라스,여자선글라스,남자선글라스,패션선글라스,여행선글라스,리에티,리에티선글라스,선글라스추천, SHOP, , / LENS TECHNOLOGY Blocks 99.9% of UV rays / MATERIAL Frame: TR-90 / ACETATE Lens: PC / SIZE INFO Weight: 43g (including lens) Frame front: 142mm, Lens width: 54mm, Lens height: 39mm, Bridge: 22mm, Temple length: 140mm",https://ecimg.cafe24img.com/pg1512b58569568085/ratigre2022/web/product/big/20260223/5132bb7f3d418db44375b0619f26d458.jpg,SHOP
RIVO,RIVO C1,rivo-c1,P0000DAP000A,42.00,"RIVO C1, ©rietieyewear, 아이웨어,자외선차단,자외선차단선글라스,UV400,선글라스,여자선글라스,남자선글라스,패션선글라스,여행선글라스,리에티,리에티선글라스,선글라스추천, SHOP, , / LENS TECHNOLOGY Blocks 99.9% of UV rays / MATERIAL Frame: TR-90 / ACETATE Lens: PC / SIZE INFO Weight: 43g (including lens) Frame front: 142mm, Lens width: 54mm, Lens height: 39mm, Bridge: 22mm, Temple length: 140mm",https://ecimg.cafe24img.com/pg1512b58569568085/ratigre2022/web/product/big/20260223/8b5a6e13f88aa92e0be519a839086f13.jpg,SHOP
ELVIO,ELVIO C2,elvio-c2,P0000DAT000A,58.00,"ELVIO C2, ©rietieyewear, 아이웨어,자외선차단,자외선차단선글라스,UV400,선글라스,여자선글라스,남자선글라스,패션선글라스,여행선글라스,리에티,리에티선글라스,선글라스추천,틴트선글라스, SHOP, , / LENS TECHNOLOGY Blocks 99.9% of UV rays / MATERIAL Frame: Acetate Lens: Nylon / SIZE INFO Weight: 40g (including lens) Frame front: 146mm, Lens width: 53mm, Lens height: 32mm, Bridge: 23mm, Temple length: 142mm",https://ecimg.cafe24img.com/pg1512b58569568085/ratigre2022/web/product/big/20260223/c3b756adc27ff933515fcf8a706f8695.jpg,SHOP
ENZO,ENZO C1,enzo-c1,P0000DAY000A,58.00,"ENZO C1, ©rietieyewear, 아이웨어,자외선차단,자외선차단선글라스,UV400,선글라스,여자선글라스,남자선글라스,패션선글라스,여행선글라스,리에티,리에티선글라스,선글라스추천, SHOP, , / LENS TECHNOLOGY Blocks 99.9% of UV rays / MATERIAL Frame: ACETATE Lens: Nylon / SIZE INFO Weight: 38g (including lens) Frame front: 139mm, Lens width: 51mm, Lens height: 40mm, Bridge: 19mm, Temple length: 140mm",https://ecimg.cafe24img.com/pg1512b58569568085/ratigre2022/web/product/big/20260223/ee00e3435186620290f47a5f7c5db425.jpg,SHOP
BENNY,BENNY C1,benny-c1,P0000DBK000A,28.09,"BENNY C1, ©rietieyewear, 아이웨어,자외선차단,자외선차단선글라스,UV400,선글라스,여자선글라스,남자선글라스,패션선글라스,여행선글라스,리에티,리에티선글라스,선글라스추천, SHOP, , / LENS TECHNOLOGY Blocks 99.9% of harmful blue light / MATERIAL Frame: TR-90 / Acetate Lens: PC / SIZE INFO Weight: 17g (excluding lenses) Frame front: 135mm, Lens width: 49mm, Lens height: 44mm, Bridge: 25mm, Temple length: 143mm",https://ecimg.cafe24img.com/pg1512b58569568085/ratigre2022/web/product/big/20260223/daf9c0ab6e4a1e70e9c9fd1543e15f84.jpg,SHOP
BENNY,BENNY C2,benny-c2,P0000DBM000A,28.09,"BENNY C2, ©rietieyewear, 아이웨어,자외선차단,자외선차단선글라스,UV400,선글라스,여자선글라스,남자선글라스,패션선글라스,여행선글라스,리에티,리에티선글라스,선글라스추천, SHOP, , / LENS TECHNOLOGY Blocks 99.9% of harmful blue light / MATERIAL Frame: TR-90 / Acetate Lens: PC / SIZE INFO Weight: 17g (excluding lenses) Frame front: 135mm, Lens width: 49mm, Lens height: 44mm, Bridge: 25mm, Temple length: 143mm",https://ecimg.cafe24img.com/pg1512b58569568085/ratigre2022/web/product/big/20260223/de75b7ba80fb0a933ac59b692c1793c5.jpg,SHOP
ALINA,ALINA C1,alina-c1,P0000DBR000A,28.09,"ALINA C1, ©rietieyewear, 아이웨어,자외선차단,자외선차단선글라스,UV400,선글라스,여자선글라스,남자선글라스,패션선글라스,여행선글라스,리에티,리에티선글라스,선글라스추천, SHOP, , / LENS TECHNOLOGY Blocks 99.9% of harmful blue light / MATERIAL Frame: TR-90 / Acetate Lens: PC / SIZE INFO Weight: 19g (excluding lenses) Frame front: 144mm, Lens width: 52mm, Lens height: 31mm, Bridge: 21mm, Temple length: 140mm",https://ecimg.cafe24img.com/pg1512b58569568085/ratigre2022/web/product/big/20260223/3fbefd593c64a71168cb1ba4bb20b05d.jpg,SHOP
ALINA,ALINA C2,alina-c2,P0000DBS000A,28.09,"ALINA C2, ©rietieyewear, 아이웨어,자외선차단,자외선차단선글라스,UV400,선글라스,여자선글라스,남자선글라스,패션선글라스,여행선글라스,리에티,리에티선글라스,선글라스추천, SHOP, , / LENS TECHNOLOGY Blocks 99.9% of harmful blue light / MATERIAL Frame: TR-90 / Acetate Lens: PC / SIZE INFO Weight: 19g (excluding lenses) Frame front: 144mm, Lens width: 52mm, Lens height: 31mm, Bridge: 21mm, Temple length: 140mm",https://ecimg.cafe24img.com/pg1512b58569568085/ratigre2022/web/product/big/20260223/f0219e7a9894d20436f7241a4fad31cc.jpg,SHOP
ALINA,ALINA C4,alina-c4,P0000DBU000A,28.09,"ALINA C4, ©rietieyewear, 아이웨어,자외선차단,자외선차단선글라스,UV400,선글라스,여자선글라스,남자선글라스,패션선글라스,여행선글라스,리에티,리에티선글라스,선글라스추천, SHOP, , / LENS TECHNOLOGY Blocks 99.9% of harmful blue light / MATERIAL Frame: TR-90 / Acetate Lens: PC / SIZE INFO Weight: 19g (excluding lenses) Frame front: 144mm, Lens width: 52mm, Lens height: 31mm, Bridge: 21mm, Temple length: 140mm",https://ecimg.cafe24img.com/pg1512b58569568085/ratigre2022/web/product/big/20260223/02ac31851b2d424769b4d77e14328bcd.jpg,SHOP
BELLA,BELLA C2,bella-c2,P0000DBZ000A,58.00,"BELLA C2, ©rietieyewear, 아이웨어,블루라이트,블루라이트차단,안경,안경테,여자안경,남자안경,패션안경,안경추천,리에티,리에티안경, SHOP, , / LENS TECHNOLOGY Blocks 99.9% of harmful blue light / MATERIAL Frame: TR-90 / Acetate Lens: PC / SIZE INFO Weight: 22g (excluding lenses) Frame front: 147mm, Lens width: 55mm, Lens height: 30mm, Bridge: 18mm, Temple length: 142mm",https://ecimg.cafe24img.com/pg1512b58569568085/ratigre2022/web/product/big/20260307/8c612acbaeffbad44beb294c6eae0807.jpg,SHOP
BELLA,BELLA C3,bella-c3,P0000DCB000A,58.00,"BELLA C3, ©rietieyewear, 아이웨어,블루라이트,블루라이트차단,안경,안경테,여자안경,남자안경,패션안경,안경추천,리에티,리에티안경, SHOP, , / LENS TECHNOLOGY Blocks 99.9% of harmful blue light / MATERIAL Frame: TR-90 / Acetate Lens: PC / SIZE INFO Weight: 22g (excluding lenses) Frame front: 147mm, Lens width: 55mm, Lens height: 30mm, Bridge: 18mm, Temple length: 142mm",https://ecimg.cafe24img.com/pg1512b58569568085/ratigre2022/web/product/big/20260227/31e31b6861b6676e3173e64650b8cc7e.jpg,SHOP
VERTA,VERTA C2,verta-c2,P0000DCF000A,28.09,"VERTA C2, ©rietieyewear, 아이웨어,자외선차단,자외선차단선글라스,UV400,선글라스,여자선글라스,남자선글라스,패션선글라스,여행선글라스,리에티,리에티선글라스,선글라스추천, SHOP, , / LENS TECHNOLOGY Blocks 99.9% of harmful blue light / MATERIAL Frame: Acetate Lens: AC / SIZE INFO Weight: 20g (excluding lenses) Frame front: 147mm, Lens width: 56mm, Lens height: 47mm, Bridge: 19mm, Temple length: 134mm",https://ecimg.cafe24img.com/pg1512b58569568085/ratigre2022/web/product/big/20260223/8d85c95c983ad8867df7ac5764e37fc5.jpg,SHOP
RIKO,RIKO C1,riko-c1,P0000DCJ000A,42.00,"RIKO C1, ©rietieyewear, 아이웨어,블루라이트,블루라이트차단,안경,안경테,여자안경,남자안경,패션안경,안경추천,리에티,리에티안경, SHOP, , / LENS TECHNOLOGY Blocks 99.9% of harmful blue light / MATERIAL Frame: Acetate Lens: AC / SIZE INFO Weight: 30g (excluding lenses) Frame front: 140mm, Lens width: 50mm, Lens height: 40mm, Bridge: 19mm, Temple length: 142mm",https://ecimg.cafe24img.com/pg1512b58569568085/ratigre2022/web/product/big/20260223/dda42b4dbddda1e5e6b599aee5345166.jpg,SHOP
MILO,MILO C1,milo-c1,P0000DCL000A,52.00,"MILO C1, ©rietieyewear, 아이웨어,블루라이트,블루라이트차단,안경,안경테,여자안경,남자안경,패션안경,안경추천,리에티,리에티안경,반무테,반무테안경, SHOP, , / LENS TECHNOLOGY Blocks 99.9% of harmful blue light / MATERIAL Frame: Stainless Lens: PC / SIZE INFO Weight: 22g (including lens) Frame front: 127mm, Lens width: 54mm, Lens height: 37mm, Bridge: 18mm, Temple length: 135mm",https://ecimg.cafe24img.com/pg1512b58569568085/ratigre2022/web/product/big/20260223/869ba7653c03854ff70d033b940b2a37.jpg,SHOP
FINO,FINO C2,fino-c2,P0000DCM000A,42.17,"FINO C2, ©rietieyewear, 아이웨어,자외선차단,자외선차단선글라스,UV400,선글라스,여자선글라스,남자선글라스,패션선글라스,여행선글라스,리에티,리에티선글라스,선글라스추천, SHOP, , / LENS TECHNOLOGY Blocks 99.9% of harmful blue light / MATERIAL Frame: Stainless Lens: PC / SIZE INFO Weight: 20g (including lens) Frame front: 126mm, Lens width: 53mm, Lens height: 35mm, Bridge: 22mm, Temple length: 141mm",https://ecimg.cafe24img.com/pg1512b58569568085/ratigre2022/web/product/big/20260223/466b2749f528b7a39b15d2dbd22002da.jpg,SHOP
GINO col.01,GINO col.01,gino-col01,P0000CVC000B,56.25,©rietieyewear | GINO col.01: Experience ultra-light titanium and crown design with blue-light blocking lenses for eye protection.,https://ecimg.cafe24img.com/pg1512b58569568085/ratigre2022/web/product/big/20250401/31bfee8131dfeb726f6d3f704d4d1560.jpg,SHOP
CAMI,CAMI C1,cami-c1,RT4049 C1,42.00,"©rietieyewear | CAMI C1 Sunglasses offer a sleek design with an oval texture, fitting any face shape with elegance. Blocks 99.9% UV – lightweight, MD recommended.",https://ecimg.cafe24img.com/pg1512b58569568085/ratigre2022/web/product/big/20250428/bafa7633f1e33de7dab5b7c49c400b39.jpg,SHOP
GINO col.04,GINO col.04,gino-col04,P0000CVF000B,56.25,©rietieyewear | MD's pick: Block harmful blue light with GINO col.04. Experience the sporty mood and stylish design of the lightweight titanium frame.,https://ecimg.cafe24img.com/pg1512b58569568085/ratigre2022/web/product/big/20250401/3fee22150145c3db3b83ad24c12e43cd.jpg,SHOP
CAMI,CAMI C2,cami-c2,RT4049 C2,42.00,©rietieyewear | CAMI C2 glasses feature a sleek bridge and frame with oval texture for a refined look. Provides 99.9% UV protection.,https://ecimg.cafe24img.com/pg1512b58569568085/ratigre2022/web/product/big/20250428/7b7a1e49136d9ef65765b0c7c7f1db4f.jpg,SHOP
CAMI,CAMI C3,cami-c3,RT4049 C3,42.00,©rietieyewear | CAMI C3 - MD's pick: Elegant look with a slim bridge and UV 99.9% blocking lenses.,https://ecimg.cafe24img.com/pg1512b58569568085/ratigre2022/web/product/big/20250428/54247478774eb3d727a6553157fcabf2.jpg,SHOP
PURO,PURO C1,puro-c1,RT4050 C1,56.25,"©rietieyewear | MD's pick: Lightweight, durable titanium PURO C1. Classic design for all with UV 99.9% protection lenses.",https://ecimg.cafe24img.com/pg1512b58569568085/ratigre2022/web/product/big/20250428/2366c048aaa2f7d8df8c414b9230a1d2.jpg,SHOP
PURO,PURO C2,puro-c2,RT4050 C2,56.25,"©rietieyewear | Classic design PURO C2 browline glasses made with lightweight, durable titanium. Blocks 99.9% UV rays, suitable for all genders.",https://ecimg.cafe24img.com/pg1512b58569568085/ratigre2022/web/product/big/20250428/6512dc7f58da5530d42dc9853f3701c6.jpg,SHOP
PURO,PURO C3,puro-c3,RT4050 C3,56.25,"©rietieyewear | PURO C3 - Lightweight, durable titanium with an antique design. UV 99.9% blocking lenses suitable for all.",https://ecimg.cafe24img.com/pg1512b58569568085/ratigre2022/web/product/big/20250428/86dd6b8b8bd4f1931cc8507f78a726aa.jpg,SHOP
VEE,VEE C1,vee-c1,RT4051 C1,56.25,"VEE C1 by ©rietieyewear features a lightweight beta titanium frame. Offering UV protection, it combines comfort with a sleek design and vibrant colors.",https://ecimg.cafe24img.com/pg1512b58569568085/ratigre2022/web/product/big/20250428/5697dedf0fc46a2329e23bb9d86eb8df.jpg,SHOP
VEE,VEE C2,vee-c2,RT4051 C2,56.25,"©rietieyewear | VEE C2 lightweight Beta Titanium eyewear. Features smooth curves, slim lines, and 99.9% UV-blocking lenses for safety and style.",https://ecimg.cafe24img.com/pg1512b58569568085/ratigre2022/web/product/big/20250428/42c4a6af37678863ba14772f895cc323.jpg,SHOP
VEE,VEE C3,vee-c3,RT4051 C3,56.25,"©rietieyewear | MD's pick: VEE C3 offers a lightweight, compact design with beta titanium for comfort and 99.9% UV protection. Explore a colorful, stylish look.",https://ecimg.cafe24img.com/pg1512b58569568085/ratigre2022/web/product/big/20250428/a03fbfb41e5b1910d612f67b4109185a.jpg,SHOP
TEONA,TEONA C1,teona-c1,RT4052 C1,42.00,"TEONA C1 sunglasses with a striking semi-cateye and oval frame. Blocks 99.9% UV rays, suitable for all.",https://ecimg.cafe24img.com/pg1512b58569568085/ratigre2022/web/product/big/20250428/6f25437a35568efd296be230dc2dae57.jpg,SHOP
TEONA,TEONA C2,teona-c2,RT4052 C2,42.00,©rietieyewear | TEONA C2 - Striking semi-cateye and oval frame design. Blocks 99.9% UV rays for eye protection. Experience classic style and comfort fit for all.,https://ecimg.cafe24img.com/pg1512b58569568085/ratigre2022/web/product/big/20250428/a31277a1d84e2eec5f0219a3597cb448.jpg,SHOP
TEONA,TEONA C3,teona-c3,RT4052 C3,42.00,"©rietieyewear | TEONA C3 Sunglasses feature a bold semi-cateye silhouette and unique design, blocking 99.9% UV rays.",https://ecimg.cafe24img.com/pg1512b58569568085/ratigre2022/web/product/big/20250428/8361d83c13a146a3455584a3f6a1cb5b.jpg,SHOP
MITE,MITE C3,mite-c3,RT8002 C3,42.00,"Official Store | MITE C3 Eyewear effectively reduces glare with its reflective technology and vivid colors, offering style and comfort for kids' daily wear.",https://ecimg.cafe24img.com/pg1512b58569568085/ratigre2022/web/product/big/20250610/d5a5f7384a8aaa69cca33256f4423268.jpg,SHOP
RIVO,RIVO C3,rivo-c3,P0000DAB000A,42.00,"RIVO C3, ©rietieyewear, 아이웨어,자외선차단,자외선차단선글라스,UV400,선글라스,여자선글라스,남자선글라스,패션선글라스,여행선글라스,리에티,리에티선글라스,선글라스추천, SHOP, , / LENS TECHNOLOGY Blocks 99.9% of UV rays / MATERIAL Frame: TR-90 / ACETATE Lens: PC / SIZE INFO Weight: 43g (including lens) Frame front: 142mm, Lens width: 54mm, Lens height: 39mm, Bridge: 22mm, Temple length: 140mm",https://ecimg.cafe24img.com/pg1512b58569568085/ratigre2022/web/product/big/20260223/3b46ba0611981fa95d2989d682c045c3.jpg,SHOP
PORTEA,PORTEA C3,portea-c3,P0000DAE000A,58.00,"PORTEA C3, ©rietieyewear, 아이웨어,자외선차단,자외선차단선글라스,UV400,선글라스,여자선글라스,남자선글라스,패션선글라스,여행선글라스,리에티,리에티선글라스,선글라스추천, SHOP, , / LENS TECHNOLOGY Blocks 99.9% of UV rays / MATERIAL Frame: TR-90 / ACETATE Lens: PC / SIZE INFO Weight: 30g (including lens) Frame front: 144mm, Lens width: 58mm, Lens height: 39mm, Bridge: 17mm, Temple length: 135mm",https://ecimg.cafe24img.com/pg1512b58569568085/ratigre2022/web/product/big/20260223/e65612114109ea7ddc1e21c10a467172.jpg,SHOP
ENZO,ENZO C2,enzo-c2,P0000DAI000A,58.00,"ENZO C2, ©rietieyewear, 아이웨어,자외선차단,자외선차단선글라스,UV400,선글라스,여자선글라스,남자선글라스,패션선글라스,여행선글라스,리에티,리에티선글라스,선글라스추천, SHOP, , / LENS TECHNOLOGY Blocks 99.9% of UV rays / MATERIAL Frame: ACETATE Lens: Nylon / SIZE INFO Weight: 38g (including lens) Frame front: 139mm, Lens width: 51mm, Lens height: 40mm, Bridge: 19mm, Temple length: 140mm",https://ecimg.cafe24img.com/pg1512b58569568085/ratigre2022/web/product/big/20260223/d40822b61f0b2bf6b868bedd133e1d3b.jpg,SHOP
ENZO,ENZO C3,enzo-c3,P0000DAJ000A,58.00,"ENZO C3, ©rietieyewear, 아이웨어,자외선차단,자외선차단선글라스,UV400,선글라스,여자선글라스,남자선글라스,패션선글라스,여행선글라스,리에티,리에티선글라스,선글라스추천, SHOP, , / LENS TECHNOLOGY Blocks 99.9% of UV rays / MATERIAL Frame: ACETATE Lens: Nylon / SIZE INFO Weight: 40g (including lens) Frame front: 139mm, Lens width: 51mm, Lens height: 40mm, Bridge: 19mm, Temple length: 140mm",https://ecimg.cafe24img.com/pg1512b58569568085/ratigre2022/web/product/big/20260223/d54caa3365974686988010bb612283f6.jpg,SHOP
CAROA,CAROA C2,caroa-c2,P0000DAQ000A,58.00,"CAROA C2, ©rietieyewear, 아이웨어,자외선차단,자외선차단선글라스,UV400,선글라스,여자선글라스,남자선글라스,패션선글라스,여행선글라스,리에티,리에티선글라스,선글라스추천,틴트선글라스, SHOP, , / LENS TECHNOLOGY Blocks 99.9% of UV rays / MATERIAL Frame: STAINLESS Lens: PC / SIZE INFO Weight: 19g (including lens) Frame front: 134mm, Lens width: 55mm, Lens height: 33mm, Bridge: 28mm, Temple length: 141mm",https://ecimg.cafe24img.com/pg1512b58569568085/ratigre2022/web/product/big/20260223/05aec5c1cd15f3a7626a8dfb5ff75c64.jpg,SHOP
ELVIO,ELVIO C1,elvio-c1,P0000DAS000A,58.00,"ELVIO C1, ©rietieyewear, 아이웨어,자외선차단,자외선차단선글라스,UV400,선글라스,여자선글라스,남자선글라스,패션선글라스,여행선글라스,리에티,리에티선글라스,선글라스추천,틴트선글라스, SHOP, , / LENS TECHNOLOGY Blocks 99.9% of UV rays / MATERIAL Frame: Acetate Lens: Nylon / SIZE INFO Weight: 40g (including lens) Frame front: 146mm, Lens width: 53mm, Lens height: 32mm, Bridge: 23mm, Temple length: 142mm",https://ecimg.cafe24img.com/pg1512b58569568085/ratigre2022/web/product/big/20260223/751d06c6e6c2c846d02250ea945cb3dd.jpg,SHOP
FIA,FIA C1,fia-c1,RT8001 C1,42.00,Official Store | Elegant and practical kids eyewear. Provides comfort and style with UV 99.9% protection. Perfect fit for kids' faces.,https://ecimg.cafe24img.com/pg1512b58569568085/ratigre2022/web/product/big/20250610/a95ab93658b7714ec6e40260c4197232.jpg,SHOP
FIA,FIA C2,fia-c2,RT8001 C2,42.00,"Official Store | Discover FLA C2 Kids Eyewear featuring 99.9% UV protection, perfect silhouette for a secure fit, and a charming look.",https://ecimg.cafe24img.com/pg1512b58569568085/ratigre2022/web/product/big/20250610/2b6191f08e92f67e832423aa36a58cac.jpg,SHOP
FIA,FIA C3,fia-c3,RT8001 C3,42.00,"Official Store | Discover FLA C3, stylish and comfortable kids eyewear with UV protection. Soft silhouette ensures a snug fit for all-day wear.",https://ecimg.cafe24img.com/pg1512b58569568085/ratigre2022/web/product/big/20250610/f0daaee4d2087ef8c46fd2e91521276a.jpg,SHOP
MITE,MITE C1,mite-c1,RT8002 C1,42.00,Official Store | MITE C1 - Reflective sunglasses offering superior comfort with non-deforming elastic material and vibrant colors for kids.,https://ecimg.cafe24img.com/pg1512b58569568085/ratigre2022/web/product/big/20250610/cc589c995c392cc9f3f8d13af8c609e3.jpg,SHOP
MITE,MITE C2,mite-c2,RT8002 C2,42.00,"Official Store | Enjoy vibrant style and comfort with MITE C2 sunglasses, featuring a vivid color palette and 99.9% UV protection for enhanced eye safety.",https://ecimg.cafe24img.com/pg1512b58569568085/ratigre2022/web/product/big/20250610/56f43b85809a72ff81529f8081ce1b3a.jpg,SHOP
NOI,NOI C1,noi-c1,RT7001 C1,42.00,"Official Store | Lightweight and flexible NOI C1 eyewear, designed for kids with blue light protection, ensuring comfort and durability for daily wear.",https://ecimg.cafe24img.com/pg1512b58569568085/ratigre2022/web/product/big/20250610/eba9585eaac90357426fdef3041a3c7b.jpg,SHOP
NOI,NOI C2,noi-c2,RT7001 C2,42.00,"Official Store | Experience comfort with NOI C2 children's eyewear, designed for growth and daily wear. Lightweight with blue light protection, perfect for active kids.",https://ecimg.cafe24img.com/pg1512b58569568085/ratigre2022/web/product/big/20250610/a1895219bcfb116a91f2ba65cd97d7bf.jpg,SHOP
NOI,NOI C3,noi-c3,RT7001 C3,42.00,"Official Store | NOI C3 eyewear blends seamlessly into children's daily lives with a lightweight, flexible design that offers durability and comfort, featuring blue light blocking technology.",https://ecimg.cafe24img.com/pg1512b58569568085/ratigre2022/web/product/big/20250610/53749898dd5fdd9c8b022a8e8ca2f7e0.jpg,SHOP
NOI,NOI C4,noi-c4,RT7001 C4,42.00,Official Store | Experience comfort and flexibility with NOI C4 eyewear. Lightweight design with blue light protection for children's everyday use.,https://ecimg.cafe24img.com/pg1512b58569568085/ratigre2022/web/product/big/20250610/c3f162a51b7052dd967690ab73cf709a.jpg,SHOP
NOI,NOI C5,noi-c5,RT7001 C5,42.00,"Official Store | NOI C5 features ultra-lightweight eyewear for kids, offering comfort, flexibility, and easy maintenance, complete with blue light protection.",https://ecimg.cafe24img.com/pg1512b58569568085/ratigre2022/web/product/big/20250610/6abbf894b0ed6f17ad0d48b7691b73b9.jpg,SHOP
NOI,NOI C6,noi-c6,RT7001 C6,42.00,"Official Store | Discover NOI C6, children's eyewear that offers lightweight comfort and durability, featuring blue light blocking lenses and a flexible design.",https://ecimg.cafe24img.com/pg1512b58569568085/ratigre2022/web/product/big/20250610/f4099323dd063096c4a7b3f3b3ec9c9f.jpg,SHOP
CECE,CECE C1,cece-c1,RT7002 C1,42.00,"Official Store | Discover the CECE C1, crafted with a high-end vibe to suit active kids. Offers exceptional comfort and protection with blue light blocking lenses.",https://ecimg.cafe24img.com/pg1512b58569568085/ratigre2022/web/product/big/20250610/7c22898043abbca6cb96b77d11e53eb3.jpg,SHOP
CECE,CECE C2,cece-c2,RT7002 C2,42.00,Official Store | CECE C2 eyewear offers a premium design tailored to kids’ active lifestyles with lightweight comfort and blue light protection. Perfect for all-day wear.,https://ecimg.cafe24img.com/pg1512b58569568085/ratigre2022/web/product/big/20250610/42d57fdcca3be3e2c1e054583e8fc131.jpg,SHOP
CECE,CECE C3,cece-c3,RT7002 C3,42.00,Official Store | CECE C3 features high-end style with a focus on comfort for active kids. Offers superior lightweight design for all-day comfort. Blocks harmful blue light.,https://ecimg.cafe24img.com/pg1512b58569568085/ratigre2022/web/product/big/20250610/cc3570daca6f94c153f7bdf0a15cf90d.jpg,SHOP
CECE,CECE C4,cece-c4,RT7002 C4,42.00,"Official Store | CECE C4 - High-end design for kids, offering comfort and protection all day with lightweight materials and blue light blocking technology.",https://ecimg.cafe24img.com/pg1512b58569568085/ratigre2022/web/product/big/20250610/e6002a01b03ac57b8428997027828234.jpg,SHOP
CECE,CECE C5,cece-c5,RT7002 C5,42.00,"Official Store | CECE C5 - Premium eyewear for active children, offering exceptional lightweight comfort and blue light protection.",https://ecimg.cafe24img.com/pg1512b58569568085/ratigre2022/web/product/big/20250610/6c0512805f798f8a9a6d0eb11bb9784d.jpg,SHOP
CECE,CECE C6,cece-c6,RT7002 C6,42.00,"Official Store | CECE C6 eyewear designed for children's lifestyle with high-end mood, offering ultimate lightweight comfort and blue light protection.",https://ecimg.cafe24img.com/pg1512b58569568085/ratigre2022/web/product/big/20250610/551fc3db5dbee6675c8374794f2d61ed.jpg,SHOP
ANITA,ANITA C2,anita-c2,RT1025 C2,42.00,"Official Store | Experience ANITA C2, combining lightweight durability with iconic design. Features a TR-90/ACETATE frame and blue light blocking technology.",https://ecimg.cafe24img.com/pg1512b58569568085/ratigre2022/web/product/big/20251231/627293fdc0ccafe042d17f838688f7fc.jpg,SHOP
BIANCA,BIANCA C3,bianca-c3,RT4045 C2,58.00,"BIANCA C3, ©rietieyewear, 선글라스,여자선글라스,빈티지,유니크,캣아이선글라스,자외선차단,호피선글라스, SHOP, , / LENS TECHNOLOGY Blocks 99.9% of UV rays (UV400) / MATERIAL Frame: ACETATE Lens: NYLON / SIZE INFO Weight: 27g (including lens) Frame front: 137mm, Lens width: 53mm, Lens height: 35mm, Bridge: 18mm, Temple length: 148mm",https://ecimg.cafe24img.com/pg1512b58569568085/ratigre2022/web/product/big/20251117/b77cbf4605845c57321713e9562a32d9.jpg,SHOP
PORTEA,PORTEA C1,portea-c1,P0000DAC000A,58.00,"PORTEA C1, ©rietieyewear, 아이웨어,자외선차단,자외선차단선글라스,UV400,선글라스,여자선글라스,남자선글라스,패션선글라스,여행선글라스,리에티,리에티선글라스,선글라스추천, SHOP, , / LENS TECHNOLOGY Blocks 99.9% of UV rays / MATERIAL Frame: TR-90 / ACETATE Lens: PC / SIZE INFO Weight: 30g (including lens) Frame front: 144mm, Lens width: 58mm, Lens height: 39mm, Bridge: 17mm, Temple length: 135mm",https://ecimg.cafe24img.com/pg1512b58569568085/ratigre2022/web/product/big/20260223/fcbfea0a57074c08f26c5853a95a0714.jpg,SHOP
PORTEA,PORTEA C2,portea-c2,P0000DAD000A,58.00,"PORTEA C2, ©rietieyewear, 아이웨어,자외선차단,자외선차단선글라스,UV400,선글라스,여자선글라스,남자선글라스,패션선글라스,여행선글라스,리에티,리에티선글라스,선글라스추천, SHOP, , / LENS TECHNOLOGY Blocks 99.9% of UV rays / MATERIAL Frame: TR-90 / ACETATE Lens: PC / SIZE INFO Weight: 30g (including lens) Frame front: 144mm, Lens width: 58mm, Lens height: 39mm, Bridge: 17mm, Temple length: 135mm",https://ecimg.cafe24img.com/pg1512b58569568085/ratigre2022/web/product/big/20260307/6adf58feb93c1ec7af6304752cb14d83.jpg,SHOP
CAROA,CAROA C1,caroa-c1,P0000DAR000A,58.00,"CAROA C1, ©rietieyewear, 아이웨어,자외선차단,자외선차단선글라스,UV400,선글라스,여자선글라스,남자선글라스,패션선글라스,여행선글라스,리에티,리에티선글라스,선글라스추천,틴트선글라스, SHOP, , / LENS TECHNOLOGY Blocks 99.9% of UV rays / MATERIAL Frame: STAINLESS Lens: PC / SIZE INFO Weight: 19g (including lens) Frame front: 134mm, Lens width: 55mm, Lens height: 33mm, Bridge: 28mm, Temple length: 141mm",https://ecimg.cafe24img.com/pg1512b58569568085/ratigre2022/web/product/big/20260223/53979fd536f5e8a45eada8b5ff6ec242.jpg,SHOP
ELVIO,ELVIO C3,elvio-c3,P0000DAU000A,58.00,"ELVIO C3, ©rietieyewear, 아이웨어,자외선차단,자외선차단선글라스,UV400,선글라스,여자선글라스,남자선글라스,패션선글라스,여행선글라스,리에티,리에티선글라스,선글라스추천,틴트선글라스, SHOP, , / LENS TECHNOLOGY Blocks 99.9% of UV rays / MATERIAL Frame: Acetate Lens: Nylon / SIZE INFO Weight: 40g (including lens) Frame front: 146mm, Lens width: 53mm, Lens height: 32mm, Bridge: 23mm, Temple length: 142mm",https://ecimg.cafe24img.com/pg1512b58569568085/ratigre2022/web/product/big/20260223/32d257c7ba31d1bed9c1e6dee922c87a.jpg,SHOP
BENNY,BENNY C3,benny-c3,P0000DBN000A,28.09,"BENNY C3, ©rietieyewear, 아이웨어,자외선차단,자외선차단선글라스,UV400,선글라스,여자선글라스,남자선글라스,패션선글라스,여행선글라스,리에티,리에티선글라스,선글라스추천, SHOP, , / LENS TECHNOLOGY Blocks 99.9% of harmful blue light / MATERIAL Frame: TR-90 / Acetate Lens: PC / SIZE INFO Weight: 17g (excluding lenses) Frame front: 135mm, Lens width: 49mm, Lens height: 44mm, Bridge: 25mm, Temple length: 143mm",https://ecimg.cafe24img.com/pg1512b58569568085/ratigre2022/web/product/big/20260223/ceb6d946e06eb1d51d578b7ffb8da65d.jpg,SHOP
ALINA,ALINA C3,alina-c3,P0000DBT000A,28.09,"ALINA C3, ©rietieyewear, 아이웨어,자외선차단,자외선차단선글라스,UV400,선글라스,여자선글라스,남자선글라스,패션선글라스,여행선글라스,리에티,리에티선글라스,선글라스추천, SHOP, , / LENS TECHNOLOGY Blocks 99.9% of harmful blue light / MATERIAL Frame: TR-90 / Acetate Lens: PC / SIZE INFO Weight: 19g (excluding lenses) Frame front: 144mm, Lens width: 52mm, Lens height: 31mm, Bridge: 21mm, Temple length: 140mm",https://ecimg.cafe24img.com/pg1512b58569568085/ratigre2022/web/product/big/20260223/5653dcfa3cd65fe762d4b31c3d953da5.jpg,SHOP
MAREN,MAREN C1,maren-c1,P0000DBV000A,28.09,"MAREN C1, ©rietieyewear, 아이웨어,자외선차단,자외선차단선글라스,UV400,선글라스,여자선글라스,남자선글라스,패션선글라스,여행선글라스,리에티,리에티선글라스,선글라스추천, SHOP, , / LENS TECHNOLOGY Blocks 99.9% of harmful blue light / MATERIAL Frame: Stainless / Titanium Lens: PC / SIZE INFO Weight: 19g (excluding lenses) Frame front: 143mm, Lens width: 52mm, Lens height: 38mm, Bridge: 29mm, Temple length: 135mm",https://ecimg.cafe24img.com/pg1512b58569568085/ratigre2022/web/product/big/20260223/11ab740877d326f019de018b52829e21.jpg,SHOP
MAREN,MAREN C2,maren-c2,P0000DBW000A,28.09,"MAREN C2, ©rietieyewear, 아이웨어,자외선차단,자외선차단선글라스,UV400,선글라스,여자선글라스,남자선글라스,패션선글라스,여행선글라스,리에티,리에티선글라스,선글라스추천, SHOP, , / LENS TECHNOLOGY Blocks 99.9% of harmful blue light / MATERIAL Frame: Stainless / Titanium Lens: PC / SIZE INFO Weight: 19g (excluding lenses) Frame front: 143mm, Lens width: 52mm, Lens height: 38mm, Bridge: 29mm, Temple length: 135mm",https://ecimg.cafe24img.com/pg1512b58569568085/ratigre2022/web/product/big/20260223/e39d58c0945bb19d125e30d0779b8651.jpg,SHOP
BELLA,BELLA C1,bella-c1,P0000DBX000A,58.00,"BELLA C1, ©rietieyewear, 아이웨어,블루라이트,블루라이트차단,안경,안경테,여자안경,남자안경,패션안경,안경추천,리에티,리에티안경, SHOP, , / LENS TECHNOLOGY Blocks 99.9% of harmful blue light / MATERIAL Frame: TR-90 / Acetate Lens: PC / SIZE INFO Weight: 22g (excluding lenses) Frame front: 147mm, Lens width: 55mm, Lens height: 30mm, Bridge: 18mm, Temple length: 142mm",https://ecimg.cafe24img.com/pg1512b58569568085/ratigre2022/web/product/big/20260223/f5a5350dd6f51d57b891b75eb899ecb9.jpg,SHOP
CENI,CENI C2,ceni-c2,P0000DCA000A,42.17,"CENI C2, ©rietieyewear, 아이웨어,자외선차단,자외선차단선글라스,UV400,선글라스,여자선글라스,남자선글라스,패션선글라스,여행선글라스,리에티,리에티선글라스,선글라스추천, SHOP, , / LENS TECHNOLOGY Blocks 99.9% of harmful blue light / MATERIAL Frame: Acetate Lens: AC / SIZE INFO Weight: 19g (excluding lenses) Frame front: 143mm, Lens width: 52mm, Lens height: 38mm, Bridge: 29mm, Temple length: 144mm",https://ecimg.cafe24img.com/pg1512b58569568085/ratigre2022/web/product/big/20260223/64a8f2600fcd84cd8f9639127d0bdb6c.jpg,SHOP
CENI,CENI C3,ceni-c3,P0000DCC000A,42.17,"CENI C3, ©rietieyewear, 아이웨어,자외선차단,자외선차단선글라스,UV400,선글라스,여자선글라스,남자선글라스,패션선글라스,여행선글라스,리에티,리에티선글라스,선글라스추천, SHOP, , / LENS TECHNOLOGY Blocks 99.9% of harmful blue light / MATERIAL Frame: Acetate Lens: AC / SIZE INFO Weight: 19g (excluding lenses) Frame front: 143mm, Lens width: 52mm, Lens height: 38mm, Bridge: 29mm, Temple length: 144mm",https://ecimg.cafe24img.com/pg1512b58569568085/ratigre2022/web/product/big/20260223/e34175f618445cbff7d92cdb3090afa0.jpg,SHOP
RIKO,RIKO C4,riko-c4,P0000DCE000A,42.00,"RIKO C4, ©rietieyewear, 아이웨어,블루라이트,블루라이트차단,안경,안경테,여자안경,남자안경,패션안경,안경추천,리에티,리에티안경, SHOP, , / LENS TECHNOLOGY Blocks 99.9% of harmful blue light / MATERIAL Frame: Acetate Lens: AC / SIZE INFO Weight: 30g (excluding lenses) Frame front: 140mm, Lens width: 50mm, Lens height: 40mm, Bridge: 19mm, Temple length: 142mm",https://ecimg.cafe24img.com/pg1512b58569568085/ratigre2022/web/product/big/20260223/8b0ca35302d397e2ca27a7ffe37c31c3.jpg,SHOP
VERTA,VERTA C3,verta-c3,P0000DCG000A,28.09,"VERTA C3, ©rietieyewear, 아이웨어,자외선차단,자외선차단선글라스,UV400,선글라스,여자선글라스,남자선글라스,패션선글라스,여행선글라스,리에티,리에티선글라스,선글라스추천, SHOP, , / LENS TECHNOLOGY Blocks 99.9% of harmful blue light / MATERIAL Frame: Acetate Lens: AC / SIZE INFO Weight: 20g (excluding lenses) Frame front: 147mm, Lens width: 56mm, Lens height: 47mm, Bridge: 19mm, Temple length: 134mm",https://ecimg.cafe24img.com/pg1512b58569568085/ratigre2022/web/product/big/20260223/72fb39a7c05668573272d73c8b0c7fc2.jpg,SHOP
RIKO,RIKO C3,riko-c3,P0000DCI000A,42.00,"RIKO C3, ©rietieyewear, 아이웨어,블루라이트,블루라이트차단,안경,안경테,여자안경,남자안경,패션안경,안경추천,리에티,리에티안경, SHOP, , / LENS TECHNOLOGY Blocks 99.9% of harmful blue light / MATERIAL Frame: Acetate Lens: AC / SIZE INFO Weight: 30g (excluding lenses) Frame front: 140mm, Lens width: 50mm, Lens height: 40mm, Bridge: 19mm, Temple length: 142mm",https://ecimg.cafe24img.com/pg1512b58569568085/ratigre2022/web/product/big/20260223/488835feaabce5ed032fe0693c056cd6.jpg,SHOP
FINO,FINO C1,fino-c1,P0000DCK000A,42.17,"FINO C1, ©rietieyewear, 아이웨어,자외선차단,자외선차단선글라스,UV400,선글라스,여자선글라스,남자선글라스,패션선글라스,여행선글라스,리에티,리에티선글라스,선글라스추천, SHOP, , / LENS TECHNOLOGY Blocks 99.9% of harmful blue light / MATERIAL Frame: Stainless Lens: PC / SIZE INFO Weight: 20g (including lens) Frame front: 126mm, Lens width: 53mm, Lens height: 35mm, Bridge: 22mm, Temple length: 141mm",https://ecimg.cafe24img.com/pg1512b58569568085/ratigre2022/web/product/big/20260223/c720eaaeb5d28473386555b79f886f91.jpg,SHOP
MILO,MILO C2,milo-c2,P0000DCN000A,52.00,"MILO C2, ©rietieyewear, 아이웨어,블루라이트,블루라이트차단,안경,안경테,여자안경,남자안경,패션안경,안경추천,리에티,리에티안경,반무테,반무테안경, SHOP, , / LENS TECHNOLOGY Blocks 99.9% of harmful blue light / MATERIAL Frame: Stainless Lens: PC / SIZE INFO Weight: 22g (including lens) Frame front: 127mm, Lens width: 54mm, Lens height: 37mm, Bridge: 18mm, Temple length: 135mm",https://ecimg.cafe24img.com/pg1512b58569568085/ratigre2022/web/product/big/20260223/b19f7ffde99422c2c280da2950dc9468.jpg,SHOP
1+1 JUNIOR COLLECTION,1+1 JUNIOR COLLECTION,11-junior-collection,2338,62.00,"1+1 JUNIOR COLLECTION, ©rietieyewear, , LOUNGE, , ・ Click the bottom bar ↘︎ for each option to view detailed information. ・ This is a seasonal promotion and will end early if the event quantity runs out. ・ Please note that this promotion cannot be used with multiple coupons.",https://ecimg.cafe24img.com/pg1512b58569568085/ratigre2022/web/product/big/20251029/d53e7373b0926ba20ff9ffc01806c213.jpg,SHOP